age_years,calendar_year,co2_percent,fck_20_rh_65_mm,fck_30_rh_65_mm,fck_40_rh_65_mm,fck_50_rh_65_mm,fck_30_rh_50_mm,fck_30_rh_80_mm
0,2000,0.036912497,0.000000000,0.000000000,0.000000000,0.000000000,0.000000000,0.000000000
1,2001,0.037067300,5.492686264,2.932312989,1.877285339,1.328415275,2.895330364,2.029348092
2,2002,0.037283499,7.768811362,4.147381822,2.655150326,1.878835262,4.095074627,2.870253421
3,2003,0.037541098,9.516237554,5.080161144,3.252271543,2.301344603,5.016089644,3.515796358
4,2004,0.037698700,10.989409150,5.866541478,3.755674344,2.657540525,5.792552070,4.060021833
5,2005,0.037890701,12.287898143,6.559640579,4.199344813,2.971460733,6.476909736,4.539690730
6,2006,0.038101001,13.462351866,7.186501520,4.600598452,3.255359487,7.095864644,4.973518585
7,2007,0.038260303,14.542335663,7.762941674,4.969578895,3.516424669,7.665034677,5.372452031
8,2008,0.038473901,15.548318101,8.299838765,5.313224742,3.759551515,8.195160368,5.744019150
9,2009,0.038628003,16.492937948,8.803999370,5.635923958,3.987862629,8.692962449,6.092930527
10,2010,0.038871704,17.387504564,9.281379146,5.941447439,4.204002110,9.164321464,6.423307857
11,2011,0.039094400,18.238482769,9.735490587,6.232075243,4.409601526,9.612705605,6.737582012
12,2012,0.039301599,19.051716910,10.169452505,6.509803421,4.606072967,10.041194352,7.037911408
13,2013,0.039572498,19.832699040,10.586145743,6.776450126,4.794687850,10.452632213,7.326289774
14,2014,0.039754697,20.583482814,10.986767697,7.032833671,4.976055181,10.848201483,7.603545784
15,2015,0.039994910,21.308812439,11.373753118,7.280462632,5.151213427,11.230306206,7.871364440
16,2016,0.040311697,22.011561327,11.748618919,7.520299404,5.320838543,11.600444162,8.130795545
17,2017,0.040576196,22.692355442,12.111792050,7.752664820,5.485185055,11.959036916,8.382134574
18,2018,0.040863196,23.353977553,12.464703882,7.978447491,5.644865694,12.307497789,8.626372128
19,2019,0.041150595,23.997762345,12.808083512,8.198122670,5.800221672,12.646546682,8.864012790
20,2020,0.041438995,24.625116043,13.142681514,8.412170801,5.951592918,12.976924700,9.095576003
21,2021,0.041728696,25.237268348,13.469154401,8.621012203,6.099276870,13.299280078,9.321516117
22,2022,0.042019797,25.835301986,13.788080347,8.825017105,6.243535556,13.614183698,9.542233264
23,2023,0.042312497,26.420179451,14.099973231,9.024514518,6.384601807,13.922142958,9.758083084
24,2024,0.042606897,26.992758615,14.405291135,9.219797762,6.522683212,14.223610162,9.969382597
25,2025,0.042902997,27.553807487,14.704444237,9.411129523,6.657965707,14.518990315,10.176415673
26,2026,0.043201096,28.104022438,14.997804190,9.598747677,6.790617586,14.808650382,10.379439518
27,2027,0.043501196,28.644029540,15.285705358,9.782866355,6.920790414,15.092920512,10.578685536
28,2028,0.043803296,29.174397238,15.568451339,9.963679991,7.048621814,15.372100473,10.774363835
29,2029,0.044107697,29.695648428,15.846321120,10.141367106,7.174238064,15.646465732,10.966667491
30,2030,0.044414294,30.208255364,16.119567016,10.316089337,7.297753602,15.916265424,11.155771124
31,2031,0.044723196,30.712654421,16.388421983,10.487995823,7.419273962,16.181729566,11.341835953
32,2032,0.045033295,31.209227134,16.653090889,10.657218324,7.538892728,16.443060440,11.525003759
33,2033,0.045343497,31.698323350,16.913761714,10.823877809,7.656695864,16.700443659,11.705404639
34,2034,0.045654095,32.180287789,17.170618353,10.988091938,7.772766585,16.954060797,11.883165858
35,2035,0.045965195,32.655437277,17.423829980,11.149969033,7.887181555,17.204078893,12.058404494
36,2036,0.046276996,33.124068006,17.673554638,11.309610235,8.000012321,17.450653999,12.231229926
37,2037,0.046589694,33.586455961,17.919939578,11.467109772,8.111325533,17.693931508,12.401744060
38,2038,0.046903296,34.042855579,18.163120733,11.622554717,8.221182837,17.934045637,12.570040969
39,2039,0.047217896,34.493506214,18.403225881,11.776026876,8.329642122,18.171122554,12.736209084
40,2040,0.047533597,34.938632269,18.640374804,11.927602925,8.436757640,18.405280532,12.900331304
41,2041,0.047850397,35.378442416,18.874678992,12.077354286,8.542579956,18.636629652,13.062484784
42,2042,0.048167395,35.813116167,19.106235348,12.225343544,8.647153675,18.865265596,13.222736589
43,2043,0.048483795,36.242822752,19.335135201,12.371629672,8.750520819,19.091278542,13.381149924
44,2044,0.048799594,36.667735048,19.561470971,12.516271903,8.852723341,19.314759742,13.537788750
45,2045,0.049114996,37.088020026,19.785331687,12.659327178,8.953801500,19.535797104,13.692714680
46,2046,0.049429996,37.503831736,20.006799704,12.800848281,9.053792683,19.754471944,13.845984709
47,2047,0.049744696,37.915317957,20.225953903,12.940885706,9.152732616,19.970862149,13.997653429
48,2048,0.050059195,38.322618666,20.442868999,13.079487277,9.250655138,20.185041490,14.147772545
49,2049,0.050373395,38.725862918,20.657614095,13.216697342,9.347591692,20.397078199,14.296389883
50,2050,0.050687497,39.125178889,20.870257475,13.352559543,9.443573116,20.607039699,14.443552699
51,2051,0.051001395,39.520682589,21.080861282,13.487113772,9.538627703,20.814987350,14.589304001
52,2052,0.051313696,39.912458719,21.289472465,13.620390971,9.632777859,21.020967508,14.733676279
53,2053,0.051622998,40.300585606,21.496134629,13.752419971,9.726044514,21.225023228,14.876699711
54,2054,0.051929193,40.685161872,21.700900695,13.883234791,9.818451822,21.427206764,15.018410922
55,2055,0.052232593,41.066289854,21.903825064,14.012870140,9.910024276,21.627571830,15.158847561
56,2056,0.052533197,41.444061334,22.104956865,14.141357539,10.000784218,21.826166937,15.298043629
57,2057,0.052830994,41.818563731,22.304342911,14.268727029,10.090752948,22.023038307,15.436031522
58,2058,0.053126099,42.189883238,22.502029198,14.395008047,10.179951292,22.218231355,15.572843074
59,2059,0.053418597,42.558101848,22.698059510,14.520228631,10.268399093,22.411789312,15.708508585
60,2060,0.053708496,42.923296527,22.892475041,14.644415207,10.356115082,22.603752855,15.843056564
61,2061,0.053995795,43.285540901,23.085315207,14.767593066,10.443117187,22.794160902,15.976514289
62,2062,0.054279498,43.644884600,23.276607863,14.889780735,10.529418922,22.983040955,16.108901039
63,2063,0.054558698,44.001375736,23.466379972,15.010996130,10.615033341,23.170419640,16.240235474
64,2064,0.054833496,44.355080895,23.654667091,15.131262020,10.699976558,23.356332063,16.370542200
65,2065,0.055103894,44.706061945,23.841502385,15.250599706,10.784263688,23.540810972,16.499844171
66,2066,0.055369995,45.054380584,24.026918792,15.369030274,10.867909650,23.723888888,16.628164180
67,2067,0.055631897,45.400096148,24.210947989,15.486574005,10.950928797,23.905597090,16.755524152
68,2068,0.055889496,45.743261472,24.393618441,15.603249255,11.033334194,24.085963685,16.881943786
69,2069,0.056143097,46.083936242,24.574961736,15.719076105,11.115139967,24.265019859,17.007444941
70,2070,0.056392499,46.422167195,24.755003203,15.834070964,11.196357842,24.442790626,17.132045149
71,2071,0.056637994,46.758010058,24.933772321,15.948252565,11.277000994,24.619305090,17.255764810
72,2072,0.056877197,47.091459406,25.111269475,16.061622833,11.357071752,24.794563632,17.378604190
73,2073,0.057108295,47.422519899,25.287499729,16.174186325,11.436574104,24.968571252,17.500566795
74,2074,0.057331396,47.751236941,25.462487362,16.285958606,11.515519075,25.141351924,17.621669426
75,2075,0.057546594,48.077654057,25.636255671,16.396954621,11.593917258,25.312928650,17.741928208
76,2076,0.057753998,48.401813787,25.808827397,16.507188943,11.671778973,25.483323884,17.861358877
77,2077,0.057953699,48.723756924,25.980224367,16.616675573,11.749114143,25.652559178,17.979976541
78,2078,0.058145795,49.043523126,26.150467792,16.725428107,11.825932401,25.820655475,18.097795876
79,2079,0.058330396,49.361151115,26.319578359,16.833459800,11.902243128,25.987633203,18.214831202
80,2080,0.058507397,49.676673525,26.487573798,16.940782159,11.978054559,26.153509867,18.331094788
81,2081,0.058676996,49.990128734,26.654474491,17.047408177,12.053375857,26.318305591,18.446600740
82,2082,0.058837799,50.301517084,26.820282724,17.153340393,12.128209439,26.482022635,18.561350640
83,2083,0.058988599,50.610841523,26.985001955,17.258581984,12.202558109,26.644664411,18.675346881
84,2084,0.059129596,50.918136641,27.148650578,17.363144686,12.276430151,26.806249081,18.788602192
85,2085,0.059260895,51.223433832,27.311245410,17.467039298,12.349833222,26.966793251,18.901128213
86,2086,0.059382495,51.526761123,27.472801619,17.570275631,12.422774326,27.126311896,19.012935440
87,2087,0.059494495,51.828147972,27.633334992,17.672863827,12.495260657,27.284820606,19.124034799
88,2088,0.059596997,52.127623158,27.792860944,17.774813781,12.567299231,27.442334601,19.234436959
89,2089,0.059689996,52.425212016,27.951393210,17.876134389,12.638896406,27.598867442,19.344151424
90,2090,0.059773499,52.720939369,28.108945230,17.976834353,12.710058396,27.754432400,19.453187496
91,2091,0.059847699,53.014833876,28.265532217,18.076923369,12.780792034,27.909044497,19.561555704
92,2092,0.059914996,53.306977525,28.421194612,18.176425627,12.851113455,28.062743662,19.669284035
93,2093,0.059977600,53.597448083,28.575970815,18.275364116,12.921038006,28.215567812,19.776399064
94,2094,0.060035498,53.886268734,28.729873312,18.373746887,12.990571419,28.367529276,19.882909434
95,2095,0.060088599,54.173460024,28.882913303,18.471581228,13.059718915,28.518639110,19.988822893
96,2096,0.060136597,54.459036480,29.035099095,18.568872738,13.128484623,28.668905520,20.094145193
97,2097,0.060179700,54.743024745,29.186444700,18.665630282,13.196874751,28.818342339,20.198886029
98,2098,0.060217700,55.025440495,29.336958898,18.761859689,13.264893546,28.966958237,20.303051479
99,2099,0.060250500,55.306301526,29.486651438,18.857567328,13.332545588,29.114762840,20.406648288
100,2100,0.060278198,55.585630004,29.635534109,18.952760722,13.399836187,29.261767787,20.509684616
